{"coefficients": [0.014832131181896895, -0.1896855747705132, 0.10494304349231036, -0.7812115165730877, -0.013009141184413273, -0.023051774734470624, -0.06368412949638311, 0.07778941192922098, -0.21755326017007806, -0.044091275460557265, -0.010306029510798903, -0.00020563690438924593], "intercept": [7.142743766420479], "numColumns": 12, "numRows": 1, "type": "BinaryLogisticRegression"}