{"coefficients": [-0.031172326468997525, 0.12993413787322983, 0.113575768529167, -0.031892898025702665, 0.09935018438002889, -0.06678587169044536, 0.1446928664295639, 0.29076997532953, -0.04303396646058886, 0.07994093049645862, -0.0029195761872044504, -0.001276876908191761], "intercept": [0.8958162849186835], "numColumns": 12, "numRows": 1, "type": "BinaryLogisticRegression"}