{"coefficients": [0.029234062448658785, -0.14514973174659632, -0.09931737537769579, 0.17465440696909848, -0.08567875179765401, 0.11438714484315303, -0.1391682605837435, -0.2867381232064294, 0.045620034155755565, -0.05598753104544415, 0.003936709004748225, 0.0012845137478659507], "intercept": [-0.9277714052166434], "numColumns": 12, "numRows": 1, "type": "BinaryLogisticRegression"}