{"coefficients": [-0.003808123025535149, -0.14468358149971228, 0.1021942333840167, -0.1421610484249235, 0.13740844113147607, 0.1286565293209598, -0.015198126189553829, 0.3633322315475352, 0.007856080161331765, 0.01453726788898193, -0.001431322561521859, -0.0010335266269788869], "intercept": [0.9397227525348851], "numColumns": 12, "numRows": 1, "type": "BinaryLogisticRegression"}